Title,Price,Date
Data Analyst Squad --. Premium T-Shirt,"rice:
               



                  $34.99
                 

                  $34.99",2023-05-05
Data Analyst Squad --. Premium T-Shirt,"rice:
               



                  $34.99
                 

                  $34.99",2023-05-05
Data Analyst Squad --. Premium T-Shirt,"rice:
               



                  $34.99
                 

                  $34.99",2023-05-05
Data Analyst Squad --. Premium T-Shirt,"rice:
               



                  $34.99
                 

                  $34.99",2023-05-05
